	manual_celltype_labels
15348637	CD14+ Mono
56502955	DC
26651132	CD14+ Mono
35470615	CD14+ Mono
44358233	CD14+ Mono
2742057	CD14+ Mono
7348167	CD14+ Mono
18592353	CD14+ Mono
19424136	CD14+ Mono
50992090	CD14+ Mono
24715674	CD14+ Mono
21147590	T cells
8998763	T cells
43232506	DC
8935306	CD14+ Mono
5958268	CD14+ Mono
5642149	CD14+ Mono
34990756	DC
19901842	CD14-
47525987	CD14-
16504126	CD14+ Mono
5753692	T cells
22683896	T cells
1189727	CD14-
15448202	CD14+ Mono
51436372	CD14+ Mono
5062626	CD14+ Mono
11517326	CD14+ Mono
49902683	CD14+ Mono
53570282	CD14-
48459600	T cells
54317220	CD14+ Mono
20076242	CD14+ Mono
40160770	CD14+ Mono
50123896	DC
35653776	DC
31676703	CD14+ Mono
51806910	CD14-
6186816	T cells
2973170	CD14+ Mono
19384905	CD14+ Mono
32136885	DC
13748394	CD14+ Mono
33236219	CD14+ Mono
49470464	CD14+ Mono
7418396	CD14+ Mono
46819811	CD14+ Mono
33659172	CD14+ Mono
30116735	CD14+ Mono
29983720	CD14-
28952728	T cells
35536677	CD14+ Mono
13721515	CD14+ Mono
18022627	CD14+ Mono
6031797	CD14+ Mono
34144754	CD14+ Mono
51597811	CD14+ Mono
220809	CD14+ Mono
11057728	CD14-
25620614	CD14+ Mono
6914049	CD14+ Mono
37603814	CD14+ Mono
53158525	CD14+ Mono
38862439	CD14+ Mono
47723948	CD14+ Mono
16701297	T cells
25736147	DC
14326859	DC
45504598	CD14-
2732193	CD14+ Mono
45981250	CD14-
15935607	DC
8444920	CD14+ Mono
19037902	CD14+ Mono
48646726	CD14+ Mono
55789832	CD14+ Mono
20383407	CD14+ Mono
48012799	CD14-
8084803	CD14+ Mono
22526400	CD14+ Mono
24089185	CD14+ Mono
39519824	T cells
22821744	CD14+ Mono
51861455	CD14+ Mono
38059316	CD14+ Mono
12538208	CD14-
29074439	CD14+ Mono
37458536	CD14+ Mono
13225964	CD14+ Mono
50735596	CD14+ Mono
1134357	CD14+ Mono
11131373	DC
785051	CD14+ Mono
55314904	CD14+ Mono
5944655	CD14-
29547844	CD14+ Mono
42377428	T cells
8880067	CD14+ Mono
8217705	CD14+ Mono
34759943	T cells
28427757	CD14+ Mono
31108843	CD14+ Mono
1411177	CD14+ Mono
47191077	CD14+ Mono
55499712	DC
33503578	T cells
39926465	CD14+ Mono
17978144	CD14+ Mono
3257587	T cells
43655635	CD14+ Mono
13983518	T cells
22221877	T cells
50939387	CD14-
12474429	CD14+ Mono
3142427	CD14+ Mono
13321642	CD14+ Mono
49283366	CD14+ Mono
35031345	CD14-
47138881	CD14+ Mono
44374456	CD14+ Mono
43521625	CD14+ Mono
21552819	CD14+ Mono
41595520	CD14-
8928842	CD14+ Mono
19306706	CD14+ Mono
41295121	CD14+ Mono
5984418	CD14+ Mono
29436561	CD14+ Mono
13266349	CD14-
12144766	CD14+ Mono
12889123	CD14+ Mono
829634	CD14+ Mono
21072691	DC
15818659	CD14+ Mono
46363325	CD14+ Mono
51233624	CD14+ Mono
52571872	CD14+ Mono
53177394	T cells
25374541	CD14+ Mono
13080805	CD14+ Mono
51232130	CD14+ Mono
52669779	CD14+ Mono
23142155	CD14+ Mono
27741833	T cells
14814440	CD14+ Mono
35122849	CD14+ Mono
11007566	CD14+ Mono
44967763	T cells
54147738	CD14+ Mono
14854248	CD14+ Mono
53433557	CD14+ Mono
51557709	DC
20607238	CD14-
4643991	T cells
31311217	CD14+ Mono
19008310	CD14+ Mono
18728905	CD14+ Mono
37552799	CD14+ Mono
28717641	CD14+ Mono
54676989	CD14+ Mono
18580036	CD14-
39113061	T cells
40157202	CD14+ Mono
50954617	CD14+ Mono
4979836	CD14+ Mono
35605550	CD14-
7159727	CD14+ Mono
44734392	CD14+ Mono
12505166	CD14+ Mono
32534309	CD14+ Mono
18249561	CD14+ Mono
55274066	CD14+ Mono
41781370	CD14+ Mono
27107304	CD14+ Mono
27058015	CD14+ Mono
40592612	CD14+ Mono
2218870	CD14+ Mono
39415096	CD14+ Mono
46809292	CD14+ Mono
37357603	CD14+ Mono
45353355	CD14+ Mono
24026368	CD14+ Mono
7310808	DC
56173054	CD14+ Mono
15716889	CD14+ Mono
47831050	CD14+ Mono
48821048	CD14+ Mono
28677948	CD14+ Mono
41326595	CD14+ Mono
17369195	CD14-
11390657	CD14-
1171402	CD14+ Mono
6710731	CD14+ Mono
51803507	CD14+ Mono
37122707	CD14+ Mono
6071091	CD14+ Mono
16449615	CD14+ Mono
36441336	CD14+ Mono
53699002	CD14+ Mono
45879736	CD14+ Mono
901066	CD14-
16270525	CD14+ Mono
20749358	CD14-
56360999	CD14+ Mono
30957318	DC
55843920	T cells
38635962	CD14-
7579747	CD14+ Mono
48818052	CD14+ Mono
14839200	CD14+ Mono
12045360	CD14+ Mono
45127454	T cells
56441812	CD14+ Mono
35965150	CD14+ Mono
6945116	CD14+ Mono
16059590	CD14+ Mono
41613161	CD14-
20083155	CD14+ Mono
19423216	CD14+ Mono
29907446	CD14+ Mono
23166482	CD14+ Mono
24740549	CD14+ Mono
11385375	CD14+ Mono
28246403	T cells
55103125	DC
40263655	CD14+ Mono
28844636	CD14+ Mono
32403141	CD14+ Mono
15708265	CD14+ Mono
20213633	CD14+ Mono
31357925	CD14+ Mono
36332003	CD14+ Mono
5505244	DC
36574049	CD14+ Mono
51887009	CD14+ Mono
26357564	CD14+ Mono
31874600	CD14+ Mono
45042410	CD14+ Mono
5217083	CD14+ Mono
7371567	CD14-
841514	DC
27922172	CD14+ Mono
40996359	CD14+ Mono
15487705	CD14+ Mono
670879	CD14+ Mono
32570522	CD14+ Mono
20624279	T cells
52760326	CD14-
33125617	CD14+ Mono
11503696	CD14+ Mono
37651555	CD14+ Mono
32358096	CD14+ Mono
32085100	CD14+ Mono
4614462	DC
48516775	T cells
24601546	CD14+ Mono
43052289	T cells
49890912	CD14+ Mono
32580404	CD14+ Mono
14036765	CD14+ Mono
43633869	CD14+ Mono
46874851	CD14-
50482381	CD14+ Mono
41148580	CD14-
50283515	CD14+ Mono
43165989	CD14+ Mono
4638898	CD14+ Mono
37242397	CD14+ Mono
31692551	CD14+ Mono
32514005	T cells
41332612	CD14+ Mono
40665591	CD14+ Mono
25009891	CD14+ Mono
17640641	CD14+ Mono
56406623	DC
8565021	CD14+ Mono
44044111	CD14-
55165061	CD14-
10665518	DC
50623107	T cells
45046234	CD14+ Mono
26495541	T cells
48411434	CD14+ Mono
30168294	CD14+ Mono
52548866	CD14+ Mono
10511016	CD14+ Mono
40306625	CD14+ Mono
47022677	CD14+ Mono
37577146	CD14+ Mono
25484745	CD14+ Mono
50885778	DC
29204670	CD14+ Mono
9883381	CD14+ Mono
46840367	T cells
24178112	CD14+ Mono
54623762	CD14+ Mono
51204977	CD14+ Mono
25595232	CD14+ Mono
28288833	DC
51118020	CD14+ Mono
18639435	CD14+ Mono
52351870	DC
33170545	CD14+ Mono
23695221	T cells
24781519	CD14+ Mono
43992995	CD14+ Mono
54227485	CD14-
14798543	CD14+ Mono
55733572	CD14+ Mono
12929157	CD14-
19692237	CD14+ Mono
29470943	DC
36918048	CD14+ Mono
15680956	CD14+ Mono
31371096	CD14+ Mono
41481188	CD14+ Mono
22719603	CD14+ Mono
16807045	CD14-
14792582	CD14+ Mono
21238105	CD14+ Mono
44344653	CD14+ Mono
985212	CD14+ Mono
53749649	CD14-
36152706	CD14+ Mono
21613841	CD14+ Mono
49253492	DC
36865333	CD14+ Mono
9756485	CD14+ Mono
2482796	CD14+ Mono
32722355	T cells
42383090	CD14-
29587064	T cells
7904177	CD14+ Mono
19235114	CD14+ Mono
18369428	CD14+ Mono
34837989	CD14+ Mono
7826886	CD14+ Mono
10615111	CD14+ Mono
48084920	CD14+ Mono
48312092	CD14+ Mono
35247602	CD14-
12471633	CD14+ Mono
4374909	T cells
54606199	CD14+ Mono
7469016	CD14-
40336763	CD14+ Mono
35463606	CD14-
6964964	CD14+ Mono
53024748	T cells
43893657	CD14+ Mono
8129631	CD14+ Mono
39616334	CD14+ Mono
24172419	CD14+ Mono
28169970	CD14+ Mono
22847331	CD14+ Mono
24381724	CD14-
7481374	CD14+ Mono
22828918	CD14+ Mono
28566221	CD14+ Mono
56048426	CD14+ Mono
1292825	CD14+ Mono
56510652	CD14-
32521790	CD14+ Mono
32954869	CD14+ Mono
24472697	CD14-
234968	CD14+ Mono
21686955	CD14+ Mono
17250699	CD14+ Mono
12599465	CD14+ Mono
42736827	CD14+ Mono
43468758	CD14+ Mono
8857630	CD14-
45788332	CD14+ Mono
10622872	CD14+ Mono
30123833	CD14+ Mono
11608681	CD14+ Mono
29235294	CD14+ Mono
15709707	CD14+ Mono
34411982	CD14+ Mono
43784822	CD14+ Mono
16966557	CD14+ Mono
17721085	CD14+ Mono
41185018	CD14+ Mono
40643494	CD14-
39000019	CD14-
11180462	DC
18540366	CD14+ Mono
39187019	CD14+ Mono
49368712	CD14+ Mono
40810611	CD14+ Mono
43719624	T cells
28023277	CD14-
13708659	CD14+ Mono
21046882	CD14+ Mono
26920331	CD14-
6413741	CD14+ Mono
10683568	CD14-
5475864	DC
41213397	CD14+ Mono
31206691	DC
13600098	CD14+ Mono
23383506	CD14+ Mono
21715771	CD14-
33263547	CD14+ Mono
10609296	T cells
51656380	CD14+ Mono
49554031	T cells
44390455	T cells
20631358	CD14+ Mono
37686811	CD14-
53289055	CD14+ Mono
38713090	CD14+ Mono
673251	T cells
32820565	CD14+ Mono
21549512	CD14+ Mono
18277192	DC
13137294	T cells
50885616	T cells
38269459	CD14+ Mono
49264286	T cells
53296006	CD14+ Mono
45852078	T cells
6496115	CD14-
28487970	CD14+ Mono
40042946	CD14+ Mono
53556269	CD14+ Mono
20669759	CD14+ Mono
32546282	CD14+ Mono
43947956	CD14+ Mono
12012281	CD14-
46003935	T cells
2826616	T cells
40392016	CD14+ Mono
50247349	CD14+ Mono
30546947	T cells
37614182	T cells
1160996	CD14+ Mono
35016642	CD14+ Mono
32342748	CD14+ Mono
35705874	CD14-
37927618	CD14+ Mono
11260228	T cells
49467181	CD14+ Mono
39673630	DC
47450926	CD14+ Mono
23444679	CD14+ Mono
50059942	CD14+ Mono
16957473	CD14+ Mono
47770650	DC
24461209	CD14+ Mono
49169660	DC
17664382	CD14-
46339885	CD14+ Mono
24575317	CD14-
790925	CD14+ Mono
26581746	CD14+ Mono
14722622	CD14+ Mono
48708143	CD14+ Mono
30527109	DC
13446879	T cells
20150622	CD14+ Mono
46386914	CD14+ Mono
41985401	CD14-
27987682	CD14-
8830134	CD14-
53185330	CD14+ Mono
41761044	T cells
45450768	T cells
25345989	CD14+ Mono
1546122	CD14+ Mono
36788532	T cells
30321537	DC
27709064	CD14-
53114647	T cells
26451570	CD14+ Mono
44996026	CD14+ Mono
52152192	CD14+ Mono
6052565	CD14+ Mono
47443667	CD14-
31704875	CD14+ Mono
10025987	CD14+ Mono
32637816	CD14+ Mono
6695589	CD14-
10258693	CD14+ Mono
33459492	CD14+ Mono
45900197	CD14+ Mono
23586546	CD14+ Mono
15677640	T cells
29996441	CD14-
36566986	CD14+ Mono
34846289	CD14-
18964168	CD14-
22093169	CD14+ Mono
49725806	CD14+ Mono
39933853	CD14-
19921986	CD14+ Mono
52174721	CD14+ Mono
26523462	CD14+ Mono
48286581	T cells
26198410	DC
45855742	T cells
3387468	CD14+ Mono
48918694	CD14+ Mono
12970907	CD14+ Mono
55011262	T cells
42545107	T cells
19587614	CD14+ Mono
16601960	CD14-
43065880	CD14+ Mono
40991798	CD14+ Mono
29903775	CD14+ Mono
24177039	CD14+ Mono
9773655	CD14+ Mono
27304047	CD14+ Mono
26416080	T cells
53685643	CD14-
15450742	CD14+ Mono
25836651	CD14-
39273602	DC
55481561	CD14+ Mono
36302963	CD14+ Mono
12644878	CD14+ Mono
51384056	CD14+ Mono
10357830	T cells
26055488	CD14+ Mono
30016027	CD14-
47493623	CD14+ Mono
34562657	CD14+ Mono
14404214	DC
6874341	CD14+ Mono
12219611	CD14+ Mono
21775420	CD14+ Mono
22411024	T cells
19807784	CD14+ Mono
48661581	CD14+ Mono
39280842	T cells
29274108	DC
47943899	CD14+ Mono
11450678	CD14+ Mono
43835574	CD14+ Mono
53656899	CD14+ Mono
29466487	CD14+ Mono
49245504	CD14+ Mono
31648622	CD14-
51706331	T cells
28125227	CD14+ Mono
31936498	CD14+ Mono
53450608	T cells
13466773	CD14+ Mono
32405456	CD14+ Mono
21167911	CD14+ Mono
50780810	CD14+ Mono
48885598	CD14+ Mono
979682	T cells
12025069	CD14+ Mono
41888875	CD14+ Mono
31778216	CD14+ Mono
1315388	CD14+ Mono
20723092	CD14+ Mono
13483523	T cells
34366283	CD14+ Mono
54283337	CD14+ Mono
27744669	CD14+ Mono
8180122	CD14+ Mono
41992113	CD14+ Mono
36681238	CD14+ Mono
24855272	T cells
10169509	CD14+ Mono
20978136	CD14+ Mono
44209126	CD14+ Mono
50304176	T cells
26904287	T cells
19861377	DC
55464478	CD14+ Mono
24499500	CD14+ Mono
49212578	CD14+ Mono
54612873	CD14+ Mono
38136894	T cells
30685782	CD14+ Mono
3096532	CD14+ Mono
3407240	DC
20418691	CD14+ Mono
16846627	CD14-
28534883	CD14+ Mono
26782664	CD14+ Mono
17820554	CD14+ Mono
31400972	CD14-
22854562	CD14+ Mono
2496297	CD14+ Mono
13960586	CD14+ Mono
51871460	T cells
55216174	CD14+ Mono
4857280	CD14-
15035698	CD14-
24063100	CD14+ Mono
41950900	CD14+ Mono
54230835	DC
18151759	CD14+ Mono
12680522	CD14-
11889180	CD14+ Mono
46228395	T cells
8168337	DC
48349766	CD14+ Mono
1568862	CD14+ Mono
35752035	DC
27045554	CD14+ Mono
45250358	CD14+ Mono
40424073	CD14+ Mono
42918553	T cells
10833726	CD14+ Mono
49346913	CD14+ Mono
19316018	CD14-
8563954	CD14+ Mono
3139778	CD14+ Mono
16472977	CD14+ Mono
20745117	CD14+ Mono
3731884	CD14+ Mono
12327665	CD14+ Mono
48629090	CD14+ Mono
979314	CD14+ Mono
6777295	CD14-
41959594	CD14+ Mono
1133238	CD14+ Mono
14614111	CD14-
21207843	CD14+ Mono
32704691	CD14+ Mono
49092117	CD14-
24593181	T cells
53571228	CD14+ Mono
2774609	CD14+ Mono
18203303	CD14+ Mono
52992924	T cells
23328968	T cells
47839030	T cells
2990154	CD14+ Mono
17088508	T cells
33398161	CD14+ Mono
41999673	CD14+ Mono
30031783	T cells
5696105	DC
9910292	CD14+ Mono
42362644	CD14+ Mono
10572791	CD14+ Mono
53223863	CD14-
7121109	CD14-
41785710	CD14+ Mono
37220327	CD14+ Mono
46874913	CD14+ Mono
39491567	CD14+ Mono
53142030	CD14+ Mono
4674581	CD14+ Mono
44421035	CD14+ Mono
12262837	CD14+ Mono
53008254	CD14+ Mono
90707	CD14+ Mono
37597329	CD14+ Mono
55184935	CD14+ Mono
35361550	T cells
40942083	CD14+ Mono
49302005	CD14+ Mono
18799587	CD14+ Mono
16296244	T cells
10799979	CD14+ Mono
210194	DC
31861462	CD14+ Mono
2992910	CD14+ Mono
33520602	CD14+ Mono
717021	CD14+ Mono
50780477	CD14+ Mono
48379928	T cells
46672296	CD14+ Mono
44907654	CD14+ Mono
31264802	CD14+ Mono
45056428	CD14+ Mono
20308760	CD14+ Mono
18010001	T cells
30071176	CD14-
42614174	CD14-
34498876	CD14+ Mono
30826161	CD14-
39033101	CD14+ Mono
43170707	CD14+ Mono
34583213	CD14+ Mono
34098793	T cells
29381358	DC
32473495	CD14+ Mono
44562197	CD14+ Mono
24099915	CD14+ Mono
3020037	CD14+ Mono
52116098	CD14+ Mono
13119463	CD14+ Mono
15590609	CD14+ Mono
45614547	CD14+ Mono
27803479	CD14+ Mono
13812848	CD14+ Mono
39010066	CD14+ Mono
18588166	CD14+ Mono
48710313	CD14+ Mono
55469838	CD14+ Mono
46188279	T cells
16440348	CD14+ Mono
8350588	T cells
8266819	CD14+ Mono
7611394	T cells
48776675	T cells
34183664	CD14-
29012618	CD14+ Mono
37525888	T cells
13631105	T cells
19168476	CD14+ Mono
10710076	CD14+ Mono
52012651	CD14+ Mono
50011047	CD14-
633535	DC
45238609	CD14+ Mono
52041078	T cells
29686770	CD14+ Mono
11514122	CD14+ Mono
55837131	CD14+ Mono
41787713	CD14+ Mono
16515526	CD14+ Mono
55939585	CD14+ Mono
20869487	CD14+ Mono
54204785	CD14+ Mono
32485917	CD14+ Mono
20903675	CD14+ Mono
26721330	T cells
6964530	T cells
26247831	CD14-
25736927	CD14+ Mono
11596181	T cells
26414217	CD14-
46651295	CD14+ Mono
35094015	CD14+ Mono
2944160	CD14+ Mono
9692925	CD14+ Mono
5392494	CD14+ Mono
45084063	CD14+ Mono
13181981	T cells
13149061	CD14+ Mono
16895982	CD14+ Mono
31082503	T cells
5162850	CD14+ Mono
13557445	CD14+ Mono
15962544	T cells
24384631	CD14+ Mono
6346402	CD14+ Mono
48901161	CD14+ Mono
6791401	CD14+ Mono
30530753	CD14+ Mono
20176356	CD14-
31554803	CD14+ Mono
38106247	T cells
9236173	DC
1318959	CD14+ Mono
47714864	CD14-
24918291	CD14+ Mono
26873735	CD14+ Mono
3660449	CD14+ Mono
28430315	T cells
40898341	CD14-
6291297	CD14-
23493118	T cells
6361815	CD14+ Mono
13163026	T cells
21474203	T cells
30831024	DC
48246633	CD14+ Mono
7351469	CD14+ Mono
27451581	CD14+ Mono
13928701	CD14+ Mono
26207143	CD14+ Mono
17843734	CD14+ Mono
49163592	CD14-
6012305	CD14+ Mono
15214164	CD14+ Mono
15797110	CD14-
55732776	CD14+ Mono
10731850	CD14+ Mono
29162120	CD14+ Mono
24894557	CD14+ Mono
31359864	CD14+ Mono
46575813	T cells
42532477	CD14-
18979000	T cells
5849652	DC
49436388	CD14+ Mono
23663054	CD14+ Mono
8540951	T cells
15145129	CD14+ Mono
8002247	T cells
41980955	CD14+ Mono
8626462	CD14+ Mono
39284877	CD14-
52260701	CD14-
42910155	T cells
6325679	CD14-
1043018	CD14+ Mono
48885350	CD14+ Mono
3262968	T cells
29339364	T cells
21616285	CD14-
39708679	CD14+ Mono
34821219	CD14+ Mono
42612992	T cells
45597124	CD14+ Mono
8553469	CD14+ Mono
43912468	CD14+ Mono
29884886	CD14+ Mono
10720244	CD14+ Mono
14263128	CD14+ Mono
31178803	CD14+ Mono
16335242	CD14+ Mono
8894141	CD14+ Mono
22141330	CD14+ Mono
36821031	CD14+ Mono
33302778	T cells
53561499	CD14+ Mono
27730936	CD14+ Mono
13009757	CD14+ Mono
54332847	CD14+ Mono
26264521	CD14+ Mono
25140844	CD14+ Mono
37605565	CD14+ Mono
4365433	CD14+ Mono
4557695	CD14+ Mono
19951627	DC
5976201	CD14+ Mono
19649247	CD14+ Mono
6586413	CD14+ Mono
46668507	T cells
41938976	CD14-
38887207	CD14-
48526809	CD14+ Mono
32591833	CD14+ Mono
51438874	CD14+ Mono
49536064	CD14+ Mono
50737501	CD14+ Mono
19956905	CD14+ Mono
40615898	CD14+ Mono
12952593	CD14-
56563220	CD14+ Mono
12432295	CD14+ Mono
6064512	CD14+ Mono
46725944	CD14+ Mono
11768131	DC
8952029	T cells
14144929	CD14-
35726029	CD14+ Mono
27324733	CD14+ Mono
54788667	CD14+ Mono
39126199	T cells
14628179	CD14-
12576757	T cells
21005985	CD14+ Mono
23402270	CD14+ Mono
21582734	DC
9516316	T cells
44046022	CD14+ Mono
7821558	CD14+ Mono
19304050	T cells
53073338	DC
1227366	CD14+ Mono
38351288	CD14+ Mono
20695362	CD14+ Mono
718351	CD14+ Mono
43153867	CD14+ Mono
14586948	CD14+ Mono
8056549	CD14+ Mono
41974446	CD14+ Mono
25152760	CD14+ Mono
50054345	CD14+ Mono
16795043	CD14+ Mono
18760849	T cells
24920475	CD14+ Mono
14828673	CD14+ Mono
31545086	CD14+ Mono
27198123	CD14+ Mono
9815920	CD14-
36134209	CD14+ Mono
49189207	T cells
11751450	T cells
51430788	T cells
52547335	CD14+ Mono
16303982	CD14+ Mono
30345370	CD14+ Mono
51535817	CD14+ Mono
38054771	CD14+ Mono
1804039	T cells
43178041	CD14+ Mono
46008302	T cells
2082192	CD14+ Mono
44744031	CD14-
49690020	CD14+ Mono
28910530	CD14-
47225805	CD14+ Mono
28543418	CD14+ Mono
37555212	CD14+ Mono
22379870	CD14+ Mono
55549053	CD14+ Mono
12527110	T cells
14914336	CD14+ Mono
29165401	CD14+ Mono
17522817	DC
54662868	CD14+ Mono
21182286	CD14+ Mono
5468615	CD14+ Mono
49750254	CD14+ Mono
18892293	T cells
4079345	CD14-
16179733	CD14-
43009330	CD14+ Mono
18422948	T cells
5366359	CD14+ Mono
22443298	CD14+ Mono
37183048	CD14+ Mono
27381685	T cells
24600976	T cells
16414837	CD14+ Mono
21052007	T cells
33165544	CD14+ Mono
15195687	T cells
26442202	CD14+ Mono
37076364	T cells
28569722	CD14+ Mono
5375862	CD14+ Mono
9373319	T cells
51721185	CD14+ Mono
28896036	CD14+ Mono
23791375	CD14+ Mono
23212276	DC
19540604	DC
3482619	CD14+ Mono
28734485	CD14+ Mono
32329780	T cells
16658901	T cells
10580103	CD14+ Mono
46730600	CD14+ Mono
19809450	CD14+ Mono
39952458	CD14+ Mono
39976201	CD14-
50531965	CD14+ Mono
6955829	CD14+ Mono
39116277	CD14-
22686233	CD14+ Mono
40475243	CD14+ Mono
12194859	CD14+ Mono
53488436	CD14+ Mono
21907941	CD14+ Mono
9674193	CD14+ Mono
11184750	CD14+ Mono
55910372	CD14+ Mono
36362158	T cells
55062800	CD14+ Mono
24624920	CD14-
9885502	CD14+ Mono
36999918	CD14+ Mono
51664207	CD14+ Mono
7245907	CD14+ Mono
14486734	CD14+ Mono
15971368	CD14+ Mono
26316738	DC
26714118	CD14+ Mono
12890825	CD14+ Mono
22205883	CD14-
47955606	CD14+ Mono
50859891	CD14+ Mono
16914669	CD14+ Mono
41314847	CD14-
36057105	CD14-
17974032	CD14+ Mono
33884318	T cells
47485293	CD14+ Mono
15631189	CD14+ Mono
25805153	CD14+ Mono
2573188	CD14+ Mono
7943033	DC
11104085	CD14+ Mono
23073307	T cells
2503784	CD14+ Mono
24280876	CD14+ Mono
48617642	T cells
13940176	CD14+ Mono
49799457	CD14+ Mono
37873110	CD14-
9193551	CD14+ Mono
49215013	CD14+ Mono
6110206	DC
3300736	CD14-
51021340	CD14+ Mono
50911097	CD14+ Mono
26057341	CD14+ Mono
56044329	CD14+ Mono
35239121	CD14+ Mono
36549650	CD14+ Mono
13865404	CD14+ Mono
29891569	DC
41273987	CD14+ Mono
28776625	CD14+ Mono
50159379	CD14+ Mono
